<?xml version="1.0" encoding="UTF-8"?>
<!--

  DO NOT ALTER OR REMOVE COPYRIGHT NOTICES OR THIS HEADER.
 
  Copyright 2000-2009 Sun Microsystems, Inc. All rights reserved. 
 
  The contents of this file are subject to the terms of either the GNU
  General Public License Version 2 only ("GPL") or the Common Development
  and Distribution License ("CDDL") (collectively, the "License").  You may
  not use this file except in compliance with the License.  You can obtain
  a copy of the License at https://glassfish.dev.java.net/public/CDDL+GPL.html
  or mq/legal/LICENSE.txt.  See the License for the specific language
  governing permissions and limitations under the License.
  
  When distributing the software, include this License Header Notice in each
  file and include the License file at mq/legal/LICENSE.txt.  Sun designates
  this particular file as subject to the "Classpath" exception as provided by
  Sun in the GPL Version 2 section of the License file that accompanied this
  code.  If applicable, add the following below the License Header, with the
  fields enclosed by brackets [] replaced by your own identifying information:
  "Portions Copyrighted [year] [name of copyright owner]"
  
  Contributor(s):
  
  If you wish your version of this file to be governed by only the CDDL or
  only the GPL Version 2, indicate your decision by adding "[Contributor]
  elects to include this software in this distribution under the [CDDL or GPL
  Version 2] license."  If you don't indicate a single choice of license, a
  recipient has the option to distribute your version of this file under
  either the CDDL, the GPL Version 2 or  to extend the choice of license to
  its licensees as provided above.  However, if you add GPL Version 2 code
  and therefore, elected the GPL Version 2 license, then the option applies
  only if the new code is made subject to such option by the copyright holder. 

  @(#)MessageQueue.xml	1.22 07/23/07

-->

<Component xmlns="http://openinstaller.org/dependency/V1" xmlns:xsi="http://www.w3.org/2001/XMLSchema-instance" xsi:schemaLocation="http://bindings.install.sun.com/Component ../schemas/Comp
onent.xsd">

  <!-- MQ dependency file -->

  <Identity>
    <Identifier feature="true">mq</Identifier>
    <Description>Open Message Queue</Description>
    <IdentityVersion>
      <VersionBaseline>4.4.1.0</VersionBaseline>
    </IdentityVersion>
    <Vendor>Sun Microsystems Inc.</Vendor>
    <Other>Java Enterprise System</Other>
  </Identity>

   <Requirements>
    <ComponentRefs>
<!--
      <ComponentRef>
        <ComponentIdentifier>NSPR</ComponentIdentifier>
        <ComponentRefVersion>
          <VersionBaseline>4.7</VersionBaseline>
        </ComponentRefVersion>
      </ComponentRef>
-->

      <ComponentRef>
        <ComponentIdentifier>NSS</ComponentIdentifier>
        <ComponentRefVersion>
          <VersionBaseline>3.11.9</VersionBaseline>
        </ComponentRefVersion>
      </ComponentRef>

<!--
      <ComponentRef>
        <ComponentIdentifier>jdk5</ComponentIdentifier>
        <ComponentRefVersion>
          <VersionBaseline>1.5.0_15</VersionBaseline>
        </ComponentRefVersion>
      </ComponentRef>
-->
      <ComponentRef>
        <ComponentIdentifier>JavaHelpRuntime</ComponentIdentifier>
        <ComponentRefVersion>
          <VersionBaseline>2.0</VersionBaseline>
        </ComponentRefVersion>
      </ComponentRef>
    </ComponentRefs>
  </Requirements>

  <Payload>
    <CompositeUnit>
      <Name>core</Name>

      <!-- Unix -->
      <Realization version="4.4.1.0">
        <OS>
          <Type>unix</Type>
          <Name>SunOS</Name>
          <OtherName>linux</OtherName>
	  <OtherName>hpux</OtherName>
	  <OtherName>aix</OtherName>
	  <OtherName>sco</OtherName>
	  <OtherName>irix</OtherName>
	  <OtherName>osf1</OtherName>
          <OtherName>macosx</OtherName>
	  <OtherName>UNDEFINED</OtherName>
          <Arch>sparc</Arch>
          <OtherArch>sparcv9</OtherArch>
          <OtherArch>x86_64</OtherArch>
          <OtherArch>i386</OtherArch>
          <OtherArch>alpha</OtherArch>
          <OtherArch>mips</OtherArch>
          <OtherArch>pa-risc</OtherArch>
	  <OtherArch>powerpc</OtherArch>
	  <OtherArch>UNDEFINED</OtherArch>
          <VersionCertified>
            <VersionBaseline>1</VersionBaseline>
          </VersionCertified>
          <RequirementsRealization>
            <Item type="disk">77Mb</Item>
          </RequirementsRealization>
        </OS>
        <InstallableUnit>mq-image.zip</InstallableUnit>
        <InstallableUnit>mq-oi.zip</InstallableUnit>
      </Realization>

      <!-- Windows -->
      <Realization>
        <OS>
          <Type>windows</Type>
          <Name>Windows XP</Name>
          <OtherName>Windows 2000</OtherName>
          <OtherName>Windows 2003</OtherName>
          <OtherName>UNDEFINED</OtherName>
          <Arch>i386</Arch>
          <OtherArch>x86_64</OtherArch>
          <VersionCertified>
            <VersionBaseline>5.1</VersionBaseline>
          </VersionCertified>
          <RequirementsRealization>
            <Item type="disk">53Mb</Item>
          </RequirementsRealization>
        </OS>
        <InstallableUnit>mq-image.zip</InstallableUnit>
        <InstallableUnit>mq-oi.zip</InstallableUnit>
      </Realization>

    </CompositeUnit>

  </Payload>
</Component>

